customer_id,product_id,transaction_amount,transaction_date,transaction_category,total_transaction_value,product_category,spend_category
4,32,168.44,"2023-01-01 13:07:24",Medium,274222.92,Electronics,Electronics
6,32,832.92,"2023-01-01 15:56:07",High,387381.73,Electronics,Electronics
7,37,67.06,"2023-01-01 03:08:20",Medium,97124599.01,Clothing,Clothing
3,34,333.12,"2023-01-01 04:06:55",High,124238969.54,NULL,NULL
4,36,348.90,"2023-01-01 11:30:27",High,274222.92,Home,Home
10,37,548.93,"2023-01-01 04:23:29",High,244762.07,Toys,Toys
9,37,768.21,"2023-01-01 07:41:42",High,371201.45,NULL,NULL
4,37,881.55,"2023-01-01 16:48:40",High,274222.92,Electronics,Electronics
6,35,274.74,"2023-01-01 21:20:09",High,387381.73,Home,Home
6,38,914.37,"2023-01-01 13:05:15",High,387381.73,Toys,Toys
4,31,26.61,"2023-01-01 04:40:28",Low,274222.92,Toys,Toys
6,35,761.65,"2023-01-01 13:02:51",High,387381.73,Clothing,Clothing
2,31,474.18,"2023-01-01 01:57:40",High,81117094.41,NULL,NULL
8,39,447.01,"2023-01-01 02:21:02",High,177360.24,Electronics,Electronics
10,34,850.43,"2023-01-01 12:56:10",High,244762.07,Clothing,Clothing
9,33,618.73,"2023-01-01 10:50:46",High,371201.45,Clothing,Clothing
6,33,648.66,"2023-01-01 19:25:37",High,387381.73,Toys,Toys
4,40,27362.50,"2023-01-01 19:25:37",High,274222.92,Electronics,NULL
5,39,988.30,"2023-01-01 07:42:26",High,98690034.01,Electronics,Electronics
6,34,422.92,"2023-01-01 14:53:21",High,387381.73,Home,Home
4,40,64.41,"2023-01-01 00:54:57",Medium,274222.92,Electronics,Electronics
10,31,110.00,"2023-01-01 01:34:04",Medium,244762.07,Electronics,Electronics
5,34,320.55,"2023-01-01 15:10:19",High,98690034.01,Toys,Toys
8,32,454.28,"2023-01-01 22:18:59",High,177360.24,Electronics,Electronics
6,35,603.95,"2023-01-01 07:58:28",High,387381.73,Electronics,Electronics
1,31,952.53,"2023-01-01 17:28:49",High,314858.79,Electronics,Electronics
5,39,29.44,"2023-01-01 04:57:18",Low,98690034.01,NULL,NULL
6,33,693.76,"2023-01-01 19:20:53",High,387381.73,Electronics,Electronics
6,31,131.64,"2023-01-01 11:58:40",Medium,387381.73,Home,Home
2,39,13800.86,"2023-01-01 11:58:40",High,81117094.41,Home,NULL
1,33,20.79,"2023-01-01 18:23:16",Low,314858.79,Electronics,Electronics
2,33,92.62,"2023-01-01 03:38:03",Medium,81117094.41,Toys,Toys
8,33,272.74,"2023-01-01 11:11:46",High,177360.24,NULL,NULL
6,33,563.05,"2023-01-01 11:26:14",High,387381.73,Home,Home
10,31,463.32,"2023-01-01 06:22:14",High,244762.07,Grocery,Grocery
7,35,633.47,"2023-01-01 04:01:43",High,97124599.01,Electronics,Electronics
9,35,76.82,"2023-01-01 09:30:52",Medium,371201.45,Electronics,Electronics
9,36,25116.77,"2023-01-01 09:30:52",High,371201.45,Grocery,NULL
10,33,375.96,"2023-01-01 00:21:17",High,244762.07,Toys,Toys
3,39,619.62,"2023-01-01 02:15:39",High,124238969.54,Clothing,Clothing
3,39,253.09,"2023-01-01 14:34:54",High,124238969.54,NULL,NULL
8,39,892.76,"2023-01-01 14:06:31",High,177360.24,Toys,Toys
10,31,658.18,"2023-01-01 13:21:31",High,244762.07,Toys,Toys
2,31,450.50,"2023-01-01 06:48:00",High,81117094.41,Electronics,Electronics
5,32,979.29,"2023-01-01 17:54:35",High,98690034.01,Toys,Toys
8,36,674.80,"2023-01-01 21:09:33",High,177360.24,Grocery,Grocery
1,38,44.01,"2023-01-01 08:29:27",Low,314858.79,Toys,Toys
10,34,897.76,"2023-01-02 04:12:48",High,244762.07,Home,Home
5,34,853.45,"2023-01-02 13:09:27",High,98690034.01,Toys,Toys
2,40,193.56,"2023-01-02 02:57:48",Medium,81117094.41,Home,Home
6,40,554.71,"2023-01-02 09:23:43",High,387381.73,Toys,Toys
2,34,716.04,"2023-01-02 00:12:53",High,81117094.41,Electronics,Electronics
10,35,46592.06,"2023-01-02 00:12:53",High,244762.07,Grocery,NULL
10,40,270.94,"2023-01-02 03:43:06",High,244762.07,Toys,Toys
2,39,777.01,"2023-01-02 06:41:40",High,81117094.41,Home,Home
6,34,721.22,"2023-01-02 23:48:45",High,387381.73,NULL,NULL
5,31,31671.30,"2023-01-02 23:48:45",High,98690034.01,Home,NULL
5,39,625.44,"2023-01-02 00:16:35",High,98690034.01,Electronics,Electronics
8,37,902.66,"2023-01-02 13:46:17",High,177360.24,NULL,NULL
6,38,810.94,"2023-01-02 20:38:12",High,387381.73,Toys,Toys
2,32,771.23,"2023-01-02 23:19:20",High,81117094.41,Grocery,Grocery
7,32,166.52,"2023-01-02 23:33:32",Medium,97124599.01,Electronics,Electronics
4,36,259.15,"2023-01-02 09:29:54",High,274222.92,NULL,NULL
8,40,989.54,"2023-01-02 00:54:07",High,177360.24,Home,Home
8,38,991.57,"2023-01-02 13:21:07",High,177360.24,NULL,NULL
8,38,527.31,"2023-01-02 17:15:49",High,177360.24,NULL,NULL
1,39,110.42,"2023-01-02 09:43:10",Medium,314858.79,Grocery,Grocery
5,32,132.66,"2023-01-02 06:16:47",Medium,98690034.01,Electronics,Electronics
7,35,295.00,"2023-01-02 16:22:00",High,97124599.01,NULL,NULL
8,31,594.09,"2023-01-02 12:11:36",High,177360.24,Clothing,Clothing
8,34,815.91,"2023-01-02 10:56:12",High,177360.24,Grocery,Grocery
1,36,836.77,"2023-01-02 00:56:50",High,314858.79,Toys,Toys
7,37,738.21,"2023-01-02 05:50:12",High,97124599.01,Clothing,Clothing
7,32,798.56,"2023-01-02 19:13:42",High,97124599.01,Toys,Toys
10,33,350.22,"2023-01-02 15:51:44",High,244762.07,Home,Home
7,32,843.64,"2023-01-02 15:29:32",High,97124599.01,Clothing,Clothing
5,36,817.27,"2023-01-02 15:18:52",High,98690034.01,Electronics,Electronics
8,39,920.17,"2023-01-02 10:15:37",High,177360.24,Electronics,Electronics
8,40,370.85,"2023-01-02 11:19:24",High,177360.24,NULL,NULL
7,33,95.03,"2023-01-02 14:01:25",Medium,97124599.01,Electronics,Electronics
7,38,753.14,"2023-01-02 01:17:38",High,97124599.01,NULL,NULL
2,39,144.85,"2023-01-02 01:12:16",Medium,81117094.41,Grocery,Grocery
3,40,695.76,"2023-01-02 01:41:55",High,124238969.54,Toys,Toys
5,31,448.13,"2023-01-02 16:16:43",High,98690034.01,NULL,NULL
7,32,134.56,"2023-01-02 03:01:10",Medium,97124599.01,Toys,Toys
6,34,687.72,"2023-01-02 10:23:14",High,387381.73,Clothing,Clothing
1,35,235.90,"2023-01-02 18:28:52",High,314858.79,Home,Home
4,40,864.01,"2023-01-02 19:30:09",High,274222.92,Home,Home
1,33,746.72,"2023-01-02 02:35:01",High,314858.79,Toys,Toys
7,34,485.39,"2023-01-02 11:00:17",High,97124599.01,Toys,Toys
7,38,572.75,"2023-01-03 13:46:58",High,97124599.01,Grocery,Grocery
8,32,671.21,"2023-01-03 17:47:37",High,177360.24,Grocery,Grocery
7,33,613.53,"2023-01-03 20:11:57",High,97124599.01,Grocery,Grocery
10,34,761.48,"2023-01-03 00:41:49",High,244762.07,NULL,NULL
5,35,259.54,"2023-01-03 23:40:22",High,98690034.01,Toys,Toys
9,34,540.10,"2023-01-03 17:55:05",High,371201.45,Clothing,Clothing
10,32,258.56,"2023-01-03 03:53:46",High,244762.07,Clothing,Clothing
3,37,196.86,"2023-01-03 20:58:15",Medium,124238969.54,Electronics,Electronics
4,40,774.69,"2023-01-03 14:33:57",High,274222.92,Grocery,Grocery
2,31,337.54,"2023-01-03 17:22:05",High,81117094.41,NULL,NULL
1,38,283.56,"2023-01-03 18:27:59",High,314858.79,Clothing,Clothing
8,36,420.42,"2023-01-03 23:59:19",High,177360.24,NULL,NULL
1,40,18294.20,"2023-01-03 23:59:19",High,314858.79,Toys,NULL
7,33,849.30,"2023-01-03 22:59:28",High,97124599.01,Clothing,Clothing
5,37,301.34,"2023-01-03 09:44:12",High,98690034.01,Grocery,Grocery
8,31,554.96,"2023-01-03 14:15:29",High,177360.24,Clothing,Clothing
2,38,256.03,"2023-01-03 03:24:26",High,81117094.41,NULL,NULL
1,37,129.95,"2023-01-03 18:59:36",Medium,314858.79,NULL,NULL
1,34,882.97,"2023-01-03 02:49:04",High,314858.79,Grocery,Grocery
5,34,285.08,"2023-01-03 10:35:09",High,98690034.01,Home,Home
4,36,929.30,"2023-01-03 21:50:53",High,274222.92,Home,Home
4,37,122.05,"2023-01-03 01:36:33",Medium,274222.92,NULL,NULL
7,31,200.72,"2023-01-03 07:06:34",High,97124599.01,Clothing,Clothing
5,40,867.55,"2023-01-03 23:12:37",High,98690034.01,Home,Home
10,34,977.89,"2023-01-03 10:24:28",High,244762.07,Clothing,Clothing
2,31,162.60,"2023-01-03 04:15:34",Medium,81117094.41,NULL,NULL
10,36,706.81,"2023-01-03 04:17:36",High,244762.07,NULL,NULL
6,38,931.82,"2023-01-03 00:56:01",High,387381.73,Electronics,Electronics
8,38,477.76,"2023-01-03 13:21:35",High,177360.24,Electronics,Electronics
1,35,762.35,"2023-01-03 07:46:23",High,314858.79,Clothing,Clothing
8,37,251.03,"2023-01-03 21:23:24",High,177360.24,NULL,NULL
9,40,936.35,"2023-01-03 05:42:02",High,371201.45,Home,Home
10,40,524.51,"2023-01-03 12:06:46",High,244762.07,Home,Home
3,36,609.50,"2023-01-03 00:03:59",High,124238969.54,Home,Home
9,36,831.59,"2023-01-03 12:46:14",High,371201.45,NULL,NULL
1,34,732.14,"2023-01-03 21:49:55",High,314858.79,Home,Home
4,31,557.42,"2023-01-03 06:32:02",High,274222.92,Grocery,Grocery
10,36,938.49,"2023-01-03 05:25:46",High,244762.07,Electronics,Electronics
10,35,903.76,"2023-01-03 23:09:06",High,244762.07,Electronics,Electronics
6,37,281.49,"2023-01-03 09:08:42",High,387381.73,Clothing,Clothing
7,35,76.90,"2023-01-03 22:56:23",Medium,97124599.01,NULL,NULL
6,40,778.53,"2023-01-03 23:29:19",High,387381.73,Home,Home
6,40,430.74,"2023-01-03 11:08:59",High,387381.73,Clothing,Clothing
8,36,561.42,"2023-01-03 17:39:59",High,177360.24,Clothing,Clothing
5,32,206.17,"2023-01-03 22:47:48",High,98690034.01,Home,Home
6,33,753.21,"2023-01-03 21:17:27",High,387381.73,Toys,Toys
8,32,822.65,"2023-01-03 17:45:18",High,177360.24,Electronics,Electronics
2,37,773.15,"2023-01-03 08:11:40",High,81117094.41,Clothing,Clothing
10,35,464.21,"2023-01-04 11:41:22",High,244762.07,NULL,NULL
7,32,12427.39,"2023-01-04 11:41:22",High,97124599.01,Toys,NULL
10,32,715.03,"2023-01-04 07:01:16",High,244762.07,Grocery,Grocery
5,35,995.99,"2023-01-04 20:21:20",High,98690034.01,Grocery,Grocery
1,39,46411.86,"2023-01-04 20:21:20",High,314858.79,Toys,NULL
7,39,315.89,"2023-01-04 07:48:17",High,97124599.01,Home,Home
4,39,658.54,"2023-01-04 06:51:34",High,274222.92,NULL,NULL
10,31,202.82,"2023-01-04 20:38:34",High,244762.07,Clothing,Clothing
9,40,534.57,"2023-01-04 00:18:21",High,371201.45,Clothing,Clothing
7,32,475.30,"2023-01-04 12:28:44",High,97124599.01,NULL,NULL
6,38,206.89,"2023-01-04 17:59:24",High,387381.73,Home,Home
10,36,715.22,"2023-01-04 06:24:08",High,244762.07,Grocery,Grocery
3,38,908.49,"2023-01-04 16:51:35",High,124238969.54,Home,Home
7,33,822.48,"2023-01-04 07:52:38",High,97124599.01,Home,Home
8,37,514.62,"2023-01-04 06:25:41",High,177360.24,Grocery,Grocery
1,37,546.30,"2023-01-04 07:09:01",High,314858.79,NULL,NULL
4,38,92.18,"2023-01-04 16:41:15",Medium,274222.92,Home,Home
9,31,394.12,"2023-01-04 08:13:26",High,371201.45,Grocery,Grocery
10,34,597.99,"2023-01-04 11:43:53",High,244762.07,Clothing,Clothing
5,36,628.74,"2023-01-04 09:05:40",High,98690034.01,Grocery,Grocery
3,38,804.23,"2023-01-04 19:07:30",High,124238969.54,Electronics,Electronics
1,40,297.95,"2023-01-04 12:27:34",High,314858.79,Electronics,Electronics
7,34,154.66,"2023-01-04 19:04:51",Medium,97124599.01,Home,Home
4,33,66.22,"2023-01-04 15:18:53",Medium,274222.92,Home,Home
7,34,712.99,"2023-01-04 11:26:34",High,97124599.01,Clothing,Clothing
5,34,380.36,"2023-01-04 14:03:31",High,98690034.01,Home,Home
7,36,192.72,"2023-01-04 21:09:32",Medium,97124599.01,NULL,NULL
4,40,454.81,"2023-01-04 15:35:53",High,274222.92,Home,Home
5,36,772.59,"2023-01-04 00:58:16",High,98690034.01,Toys,Toys
5,37,543.32,"2023-01-04 02:26:26",High,98690034.01,Electronics,Electronics
5,31,807.26,"2023-01-04 02:01:04",High,98690034.01,Clothing,Clothing
6,31,772.32,"2023-01-04 12:54:08",High,387381.73,Clothing,Clothing
4,39,631.12,"2023-01-04 01:51:12",High,274222.92,Clothing,Clothing
4,39,445.00,"2023-01-04 23:17:40",High,274222.92,Electronics,Electronics
9,33,722.35,"2023-01-04 05:46:32",High,371201.45,Grocery,Grocery
8,31,89.93,"2023-01-04 04:48:49",Medium,177360.24,Toys,Toys
10,32,436.14,"2023-01-04 05:02:40",High,244762.07,Electronics,Electronics
5,34,398.74,"2023-01-04 22:32:09",High,98690034.01,NULL,NULL
10,34,993.37,"2023-01-04 17:08:14",High,244762.07,Toys,Toys
1,36,704.25,"2023-01-04 14:49:16",High,314858.79,Electronics,Electronics
8,39,909.44,"2023-01-04 16:08:36",High,177360.24,Clothing,Clothing
3,33,516.07,"2023-01-04 17:01:26",High,124238969.54,Electronics,Electronics
5,37,72.04,"2023-01-04 23:43:45",Medium,98690034.01,Electronics,Electronics
8,37,220.96,"2023-01-04 04:23:56",High,177360.24,Toys,Toys
8,31,846.53,"2023-01-04 16:52:20",High,177360.24,Electronics,Electronics
8,34,145.50,"2023-01-04 10:49:19",Medium,177360.24,Home,Home
3,32,716.49,"2023-01-04 10:58:59",High,124238969.54,Grocery,Grocery
1,32,324.46,"2023-01-04 13:47:01",High,314858.79,Clothing,Clothing
6,36,294.70,"2023-01-04 23:26:18",High,387381.73,Toys,Toys
10,38,861.70,"2023-01-04 19:15:59",High,244762.07,Grocery,Grocery
5,34,962.93,"2023-01-04 12:27:20",High,98690034.01,Home,Home
8,36,14.73,"2023-01-04 03:32:38",Low,177360.24,Home,Home
1,38,337.37,"2023-01-04 04:04:50",High,314858.79,Electronics,Electronics
9,32,351.61,"2023-01-04 18:19:53",High,371201.45,Grocery,Grocery
6,34,740.76,"2023-01-04 12:55:57",High,387381.73,Home,Home
1,36,5.78,"2023-01-04 16:51:14",Low,314858.79,Toys,Toys
5,35,558.96,"2023-01-04 01:48:31",High,98690034.01,Grocery,Grocery
6,39,988.18,"2023-01-04 23:49:43",High,387381.73,Electronics,Electronics
6,32,410.51,"2023-01-04 12:32:50",High,387381.73,Electronics,Electronics
1,31,726.00,"2023-01-04 11:36:04",High,314858.79,Toys,Toys
9,38,296.06,"2023-01-04 21:07:46",High,371201.45,Toys,Toys
4,39,962.97,"2023-01-04 04:36:26",High,274222.92,Grocery,Grocery
2,36,503.61,"2023-01-04 10:37:44",High,81117094.41,Toys,Toys
6,39,337.99,"2023-01-04 02:40:53",High,387381.73,Toys,Toys
8,32,514.97,"2023-01-04 16:07:08",High,177360.24,Toys,Toys
10,36,309.55,"2023-01-04 17:28:05",High,244762.07,Home,Home
6,36,44740.47,"2023-01-04 17:28:05",High,387381.73,Grocery,NULL
2,40,402.38,"2023-01-04 03:28:33",High,81117094.41,Electronics,Electronics
6,40,447.87,"2023-01-04 05:16:52",High,387381.73,Clothing,Clothing
4,40,261.63,"2023-01-04 16:02:20",High,274222.92,Grocery,Grocery
1,34,899.71,"2023-01-04 21:20:03",High,314858.79,Grocery,Grocery
5,40,303.65,"2023-01-04 05:49:01",High,98690034.01,NULL,NULL
8,33,519.64,"2023-01-04 01:04:23",High,177360.24,NULL,NULL
6,34,660.54,"2023-01-04 04:58:52",High,387381.73,Toys,Toys
7,36,564.52,"2023-01-05 07:22:18",High,97124599.01,Grocery,Grocery
1,39,210.79,"2023-01-05 08:27:44",High,314858.79,Electronics,Electronics
10,34,869.39,"2023-01-05 00:06:00",High,244762.07,Toys,Toys
8,38,365.23,"2023-01-05 04:15:55",High,177360.24,Clothing,Clothing
7,35,817.01,"2023-01-05 05:54:56",High,97124599.01,Electronics,Electronics
5,37,296.63,"2023-01-05 00:15:23",High,98690034.01,Home,Home
4,36,660.07,"2023-01-05 08:04:44",High,274222.92,Home,Home
2,33,229.23,"2023-01-05 12:48:48",High,81117094.41,Home,Home
3,35,321.38,"2023-01-05 06:27:07",High,124238969.54,NULL,NULL
4,35,552.82,"2023-01-05 09:39:31",High,274222.92,Toys,Toys
1,33,894.42,"2023-01-05 17:34:00",High,314858.79,Grocery,Grocery
1,40,960.84,"2023-01-05 12:33:44",High,314858.79,Clothing,Clothing
2,32,60.91,"2023-01-05 02:33:12",Medium,81117094.41,NULL,NULL
6,35,549.09,"2023-01-05 05:41:00",High,387381.73,Clothing,Clothing
5,39,832.48,"2023-01-05 20:55:47",High,98690034.01,Toys,Toys
2,38,590.72,"2023-01-05 20:04:35",High,81117094.41,Home,Home
3,38,134.34,"2023-01-05 15:30:08",Medium,124238969.54,Toys,Toys
9,40,425.12,"2023-01-05 20:43:24",High,371201.45,NULL,NULL
4,31,240.36,"2023-01-05 04:11:37",High,274222.92,Home,Home
8,33,286.72,"2023-01-05 10:41:06",High,177360.24,Clothing,Clothing
6,37,578.84,"2023-01-05 02:54:36",High,387381.73,NULL,NULL
2,39,202.48,"2023-01-05 09:37:17",High,81117094.41,Clothing,Clothing
1,36,465.51,"2023-01-05 15:04:20",High,314858.79,Electronics,Electronics
4,32,814.21,"2023-01-05 12:31:49",High,274222.92,Home,Home
5,36,440.34,"2023-01-05 01:44:55",High,98690034.01,Clothing,Clothing
3,33,411.51,"2023-01-05 04:32:47",High,124238969.54,Electronics,Electronics
4,33,774.76,"2023-01-05 04:32:18",High,274222.92,Clothing,Clothing
10,33,557.51,"2023-01-05 19:37:06",High,244762.07,Grocery,Grocery
1,38,957.00,"2023-01-05 00:25:19",High,314858.79,Clothing,Clothing
3,39,49.57,"2023-01-05 17:51:34",Low,124238969.54,Home,Home
5,34,238.60,"2023-01-05 00:23:02",High,98690034.01,Toys,Toys
9,40,469.93,"2023-01-05 12:39:09",High,371201.45,Grocery,Grocery
10,39,997.28,"2023-01-05 04:06:45",High,244762.07,Home,Home
10,37,506.52,"2023-01-05 08:31:23",High,244762.07,Electronics,Electronics
6,31,966.12,"2023-01-05 17:30:12",High,387381.73,Home,Home
8,38,172.86,"2023-01-05 16:43:14",Medium,177360.24,Home,Home
9,37,717.28,"2023-01-05 23:43:33",High,371201.45,Home,Home
7,40,75.22,"2023-01-05 10:21:52",Medium,97124599.01,Toys,Toys
9,40,349.89,"2023-01-05 01:17:33",High,371201.45,Clothing,Clothing
4,39,99.36,"2023-01-05 08:49:38",Medium,274222.92,Clothing,Clothing
8,32,773.03,"2023-01-05 17:08:53",High,177360.24,NULL,NULL
7,40,10.19,"2023-01-05 02:05:00",Low,97124599.01,Home,Home
6,31,396.74,"2023-01-05 23:16:02",High,387381.73,Toys,Toys
6,37,967.30,"2023-01-05 10:02:30",High,387381.73,NULL,NULL
2,32,355.81,"2023-01-05 03:44:48",High,81117094.41,Electronics,Electronics
3,33,310.26,"2023-01-05 20:04:22",High,124238969.54,Toys,Toys
8,33,555.72,"2023-01-06 22:21:11",High,177360.24,Electronics,Electronics
5,32,11126.16,"2023-01-06 22:21:11",High,98690034.01,Grocery,NULL
3,38,945.88,"2023-01-06 13:56:59",High,124238969.54,NULL,NULL
1,35,550.98,"2023-01-06 10:12:37",High,314858.79,Toys,Toys
8,31,242.74,"2023-01-06 03:49:58",High,177360.24,NULL,NULL
8,37,683.45,"2023-01-06 20:15:32",High,177360.24,Home,Home
10,31,620.68,"2023-01-06 01:08:07",High,244762.07,Clothing,Clothing
1,33,652.86,"2023-01-06 20:43:04",High,314858.79,Home,Home
2,39,747.07,"2023-01-06 05:22:46",High,81117094.41,NULL,NULL
4,34,482.89,"2023-01-06 08:04:23",High,274222.92,NULL,NULL
6,36,656.60,"2023-01-06 01:51:02",High,387381.73,Electronics,Electronics
3,37,346.59,"2023-01-06 20:38:37",High,124238969.54,NULL,NULL
6,36,785.99,"2023-01-06 07:10:53",High,387381.73,Grocery,Grocery
10,36,572.80,"2023-01-06 02:14:17",High,244762.07,Home,Home
8,39,600.25,"2023-01-06 09:12:31",High,177360.24,NULL,NULL
4,32,728.64,"2023-01-06 03:07:23",High,274222.92,Toys,Toys
4,35,585.67,"2023-01-06 12:36:34",High,274222.92,Electronics,Electronics
1,37,964.78,"2023-01-06 16:15:39",High,314858.79,Grocery,Grocery
4,40,107.33,"2023-01-06 19:23:28",Medium,274222.92,Electronics,Electronics
10,37,723.47,"2023-01-06 18:49:03",High,244762.07,NULL,NULL
8,34,660.01,"2023-01-06 19:31:45",High,177360.24,Electronics,Electronics
7,37,771.60,"2023-01-06 11:34:05",High,97124599.01,Toys,Toys
3,35,806.72,"2023-01-06 05:04:50",High,124238969.54,Home,Home
5,31,197.84,"2023-01-06 04:53:42",Medium,98690034.01,Grocery,Grocery
6,35,44.82,"2023-01-06 01:18:05",Low,387381.73,Electronics,Electronics
2,34,519.13,"2023-01-06 09:11:26",High,81117094.41,Home,Home
7,36,447.96,"2023-01-06 02:44:04",High,97124599.01,Grocery,Grocery
3,33,21091.41,"2023-01-06 02:44:04",High,124238969.54,NULL,NULL
10,37,234.73,"2023-01-06 12:49:08",High,244762.07,Home,Home
2,39,820.26,"2023-01-06 00:19:32",High,81117094.41,Grocery,Grocery
8,39,718.13,"2023-01-06 02:15:32",High,177360.24,NULL,NULL
4,34,21.40,"2023-01-06 12:15:51",Low,274222.92,Toys,Toys
2,35,432.61,"2023-01-06 00:51:25",High,81117094.41,Clothing,Clothing
1,37,430.66,"2023-01-06 00:26:54",High,314858.79,NULL,NULL
9,31,446.70,"2023-01-06 21:50:01",High,371201.45,Grocery,Grocery
1,31,653.78,"2023-01-06 02:05:41",High,314858.79,Clothing,Clothing
3,33,320.73,"2023-01-06 00:29:16",High,124238969.54,Toys,Toys
3,34,32.68,"2023-01-06 18:42:28",Low,124238969.54,NULL,NULL
5,35,992.72,"2023-01-06 06:16:48",High,98690034.01,Grocery,Grocery
6,37,672.79,"2023-01-06 16:42:06",High,387381.73,Electronics,Electronics
2,36,755.63,"2023-01-06 15:13:12",High,81117094.41,Home,Home
2,37,528.21,"2023-01-06 19:20:25",High,81117094.41,Clothing,Clothing
2,33,997.38,"2023-01-06 19:00:39",High,81117094.41,Clothing,Clothing
10,35,788.01,"2023-01-06 03:56:45",High,244762.07,Home,Home
5,33,357.09,"2023-01-06 13:41:58",High,98690034.01,Home,Home
6,32,23255.21,"2023-01-06 13:41:58",High,387381.73,NULL,NULL
6,36,287.61,"2023-01-06 23:33:23",High,387381.73,Home,Home
6,32,302.26,"2023-01-06 13:07:29",High,387381.73,Toys,Toys
3,31,932.97,"2023-01-06 19:44:46",High,124238969.54,Grocery,Grocery
8,32,82.14,"2023-01-06 09:13:22",Medium,177360.24,Grocery,Grocery
2,31,434.04,"2023-01-06 00:50:44",High,81117094.41,Electronics,Electronics
3,40,924.55,"2023-01-06 10:36:09",High,124238969.54,Clothing,Clothing
9,35,642.17,"2023-01-06 17:51:59",High,371201.45,NULL,NULL
10,34,176.01,"2023-01-06 03:15:21",Medium,244762.07,Toys,Toys
8,34,597.46,"2023-01-06 17:17:33",High,177360.24,NULL,NULL
3,32,499.39,"2023-01-06 20:59:32",High,124238969.54,Toys,Toys
10,34,335.60,"2023-01-06 16:08:52",High,244762.07,NULL,NULL
9,39,545.58,"2023-01-06 13:47:00",High,371201.45,Grocery,Grocery
3,34,320.14,"2023-01-06 22:00:06",High,124238969.54,Home,Home
10,35,552.31,"2023-01-06 16:24:13",High,244762.07,Grocery,Grocery
3,33,748.99,"2023-01-07 04:57:56",High,124238969.54,Toys,Toys
5,39,85.90,"2023-01-07 17:10:48",Medium,98690034.01,Toys,Toys
1,39,413.55,"2023-01-07 05:40:10",High,314858.79,Home,Home
8,33,385.67,"2023-01-07 00:21:26",High,177360.24,Grocery,Grocery
3,37,971.46,"2023-01-07 02:48:14",High,124238969.54,Home,Home
8,35,665.53,"2023-01-07 23:12:10",High,177360.24,Electronics,Electronics
6,35,834.03,"2023-01-07 17:22:16",High,387381.73,Clothing,Clothing
10,34,857.04,"2023-01-07 14:06:35",High,244762.07,Home,Home
7,32,486.96,"2023-01-07 00:36:34",High,97124599.01,Electronics,Electronics
10,38,373.04,"2023-01-07 11:47:19",High,244762.07,Grocery,Grocery
3,38,13.74,"2023-01-07 02:09:52",Low,124238969.54,Electronics,Electronics
5,32,253.82,"2023-01-07 09:42:23",High,98690034.01,Home,Home
7,32,862.21,"2023-01-07 07:42:48",High,97124599.01,Grocery,Grocery
2,32,997.48,"2023-01-07 21:49:38",High,81117094.41,Toys,Toys
9,40,750.50,"2023-01-07 00:42:31",High,371201.45,Home,Home
9,40,46.36,"2023-01-07 16:53:27",Low,371201.45,Electronics,Electronics
9,32,951.35,"2023-01-07 06:05:50",High,371201.45,Electronics,Electronics
8,31,613.74,"2023-01-07 03:25:45",High,177360.24,Electronics,Electronics
1,38,330.50,"2023-01-07 16:40:36",High,314858.79,Clothing,Clothing
6,36,561.21,"2023-01-07 01:53:23",High,387381.73,Clothing,Clothing
1,36,475.24,"2023-01-07 08:51:28",High,314858.79,Clothing,Clothing
8,40,380.79,"2023-01-07 23:35:43",High,177360.24,Toys,Toys
1,33,84.41,"2023-01-07 21:37:45",Medium,314858.79,NULL,NULL
1,39,643.74,"2023-01-07 00:43:49",High,314858.79,Home,Home
5,36,764.89,"2023-01-07 03:32:06",High,98690034.01,Home,Home
4,35,635.21,"2023-01-07 20:12:26",High,274222.92,Toys,Toys
10,34,616.82,"2023-01-07 13:09:05",High,244762.07,Electronics,Electronics
4,38,288.93,"2023-01-07 17:46:51",High,274222.92,Grocery,Grocery
8,37,267.15,"2023-01-07 02:47:39",High,177360.24,Grocery,Grocery
2,31,651.74,"2023-01-07 16:40:21",High,81117094.41,Electronics,Electronics
8,34,5.34,"2023-01-07 00:32:08",Low,177360.24,NULL,NULL
5,35,162.64,"2023-01-07 14:01:07",Medium,98690034.01,Clothing,Clothing
8,39,843.77,"2023-01-07 10:07:31",High,177360.24,NULL,NULL
7,32,24.87,"2023-01-07 14:55:42",Low,97124599.01,Toys,Toys
4,31,923.09,"2023-01-07 02:44:12",High,274222.92,Home,Home
4,38,660.87,"2023-01-07 11:15:44",High,274222.92,NULL,NULL
2,35,39204.77,"2023-01-07 11:15:44",High,81117094.41,Toys,NULL
4,38,384.68,"2023-01-07 21:17:21",High,274222.92,Grocery,Grocery
10,31,756.05,"2023-01-07 15:58:17",High,244762.07,NULL,NULL
9,40,139.88,"2023-01-07 19:22:24",Medium,371201.45,Home,Home
5,39,859.10,"2023-01-07 05:35:27",High,98690034.01,Grocery,Grocery
6,40,188.68,"2023-01-07 17:17:17",Medium,387381.73,Clothing,Clothing
10,32,503.99,"2023-01-07 20:56:11",High,244762.07,Home,Home
8,34,316.51,"2023-01-07 23:27:58",High,177360.24,Grocery,Grocery
1,32,19718.79,"2023-01-07 23:27:58",High,314858.79,Home,NULL
5,36,507.38,"2023-01-07 07:36:12",High,98690034.01,NULL,NULL
10,37,863.43,"2023-01-07 15:28:44",High,244762.07,NULL,NULL
8,36,753.95,"2023-01-07 14:49:13",High,177360.24,Clothing,Clothing
6,39,178.58,"2023-01-07 04:21:49",Medium,387381.73,Electronics,Electronics
1,33,981.64,"2023-01-07 04:34:42",High,314858.79,Home,Home
7,37,318.42,"2023-01-07 06:32:44",High,97124599.01,Clothing,Clothing
8,35,794.47,"2023-01-08 15:22:16",High,177360.24,Grocery,Grocery
6,33,45.61,"2023-01-08 13:04:01",Low,387381.73,Electronics,Electronics
5,32,460.98,"2023-01-08 19:46:54",High,98690034.01,Toys,Toys
6,39,17999.97,"2023-01-08 19:46:54",High,387381.73,Electronics,NULL
9,32,707.79,"2023-01-08 20:57:38",High,371201.45,NULL,NULL
1,33,115.45,"2023-01-08 17:24:17",Medium,314858.79,Home,Home
9,37,721.10,"2023-01-08 08:34:59",High,371201.45,Electronics,Electronics
10,32,226.64,"2023-01-08 00:24:55",High,244762.07,Grocery,Grocery
1,39,892.04,"2023-01-08 02:54:43",High,314858.79,Toys,Toys
2,31,744.02,"2023-01-08 02:53:07",High,81117094.41,NULL,NULL
9,34,574.15,"2023-01-08 17:19:43",High,371201.45,Clothing,Clothing
2,33,709.25,"2023-01-08 22:43:45",High,81117094.41,NULL,NULL
1,33,291.49,"2023-01-08 01:50:23",High,314858.79,Clothing,Clothing
9,34,607.24,"2023-01-08 12:23:51",High,371201.45,Clothing,Clothing
9,31,870.24,"2023-01-08 16:19:56",High,371201.45,NULL,NULL
3,31,277.79,"2023-01-08 06:42:51",High,124238969.54,Clothing,Clothing
9,39,546.06,"2023-01-08 04:28:57",High,371201.45,Grocery,Grocery
1,33,60.81,"2023-01-08 15:25:08",Medium,314858.79,Toys,Toys
4,36,483.30,"2023-01-08 11:08:10",High,274222.92,Toys,Toys
5,38,40358.54,"2023-01-08 11:08:10",High,98690034.01,Grocery,NULL
10,38,11.69,"2023-01-08 19:54:48",Low,244762.07,Grocery,Grocery
3,37,676.81,"2023-01-08 07:49:27",High,124238969.54,Clothing,Clothing
8,40,11796.97,"2023-01-08 07:49:27",High,177360.24,Grocery,NULL
3,35,261.35,"2023-01-08 07:22:01",High,124238969.54,NULL,NULL
7,35,894.30,"2023-01-08 07:33:02",High,97124599.01,Electronics,Electronics
6,33,539.30,"2023-01-08 13:30:44",High,387381.73,Grocery,Grocery
8,35,11949.75,"2023-01-08 13:30:44",High,177360.24,NULL,NULL
10,34,69.01,"2023-01-08 21:01:32",Medium,244762.07,Toys,Toys
4,35,332.07,"2023-01-08 10:54:02",High,274222.92,Clothing,Clothing
9,35,431.54,"2023-01-08 20:46:24",High,371201.45,Home,Home
6,34,112.11,"2023-01-08 17:23:20",Medium,387381.73,Grocery,Grocery
6,33,708.69,"2023-01-08 17:25:04",High,387381.73,NULL,NULL
10,38,89.02,"2023-01-08 11:37:19",Medium,244762.07,Clothing,Clothing
4,37,352.79,"2023-01-08 15:39:32",High,274222.92,Electronics,Electronics
7,32,188.41,"2023-01-08 19:14:48",Medium,97124599.01,Clothing,Clothing
4,38,877.21,"2023-01-08 04:10:26",High,274222.92,Electronics,Electronics
7,32,855.85,"2023-01-08 07:33:36",High,97124599.01,Clothing,Clothing
2,38,929.65,"2023-01-08 10:58:04",High,81117094.41,Electronics,Electronics
4,37,420.20,"2023-01-08 19:10:19",High,274222.92,Electronics,Electronics
1,31,379.86,"2023-01-08 01:39:23",High,314858.79,Electronics,Electronics
8,37,736.75,"2023-01-08 19:31:51",High,177360.24,Grocery,Grocery
6,40,954.89,"2023-01-08 09:23:22",High,387381.73,Electronics,Electronics
10,39,13.39,"2023-01-08 05:22:50",Low,244762.07,Grocery,Grocery
4,31,19587.57,"2023-01-08 05:22:50",High,274222.92,Clothing,NULL
5,38,696.13,"2023-01-08 14:09:19",High,98690034.01,NULL,NULL
1,38,745.11,"2023-01-08 02:15:00",High,314858.79,Home,Home
4,33,719.78,"2023-01-08 08:21:26",High,274222.92,Home,Home
8,39,638.26,"2023-01-08 10:54:34",High,177360.24,Grocery,Grocery
1,34,136.72,"2023-01-08 13:12:10",Medium,314858.79,Home,Home
7,37,318.69,"2023-01-08 23:54:22",High,97124599.01,Home,Home
8,39,343.02,"2023-01-08 23:35:07",High,177360.24,NULL,NULL
5,33,622.59,"2023-01-08 13:27:28",High,98690034.01,Toys,Toys
5,37,992.98,"2023-01-08 08:06:40",High,98690034.01,Home,Home
5,33,629.86,"2023-01-08 02:40:56",High,98690034.01,Electronics,Electronics
6,35,298.86,"2023-01-08 23:52:00",High,387381.73,Electronics,Electronics
2,35,525.60,"2023-01-08 09:18:25",High,81117094.41,Grocery,Grocery
2,34,959.97,"2023-01-08 11:36:17",High,81117094.41,Toys,Toys
9,31,435.03,"2023-01-08 06:13:34",High,371201.45,Clothing,Clothing
5,40,742.02,"2023-01-08 09:34:11",High,98690034.01,Grocery,Grocery
6,38,507.38,"2023-01-08 19:24:12",High,387381.73,Electronics,Electronics
1,40,878.52,"2023-01-08 07:11:43",High,314858.79,NULL,NULL
9,34,826.77,"2023-01-08 08:23:14",High,371201.45,Electronics,Electronics
3,37,497.53,"2023-01-08 18:15:57",High,124238969.54,NULL,NULL
4,33,541.09,"2023-01-08 10:32:32",High,274222.92,NULL,NULL
1,40,786.97,"2023-01-08 17:16:32",High,314858.79,Clothing,Clothing
4,35,57.74,"2023-01-08 22:24:15",Medium,274222.92,Clothing,Clothing
6,40,171.69,"2023-01-08 15:59:15",Medium,387381.73,Electronics,Electronics
7,40,350.67,"2023-01-08 12:06:55",High,97124599.01,Toys,Toys
3,35,644.51,"2023-01-08 23:10:01",High,124238969.54,Grocery,Grocery
9,32,811.43,"2023-01-08 06:49:17",High,371201.45,Clothing,Clothing
6,32,251.70,"2023-01-08 09:36:35",High,387381.73,Home,Home
2,32,284.36,"2023-01-08 20:35:17",High,81117094.41,Clothing,Clothing
10,31,224.64,"2023-01-09 00:43:05",High,244762.07,Clothing,Clothing
10,36,180.95,"2023-01-09 19:51:33",Medium,244762.07,Clothing,Clothing
4,38,113.50,"2023-01-09 08:13:42",Medium,274222.92,Electronics,Electronics
3,37,548.54,"2023-01-09 09:02:14",High,124238969.54,NULL,NULL
2,40,810.14,"2023-01-09 14:00:12",High,81117094.41,Electronics,Electronics
9,35,176.50,"2023-01-09 03:24:48",Medium,371201.45,Toys,Toys
2,38,741.35,"2023-01-09 05:04:59",High,81117094.41,Home,Home
10,40,215.77,"2023-01-09 13:46:57",High,244762.07,Clothing,Clothing
6,39,791.41,"2023-01-09 00:57:02",High,387381.73,Electronics,Electronics
7,35,284.46,"2023-01-09 14:56:21",High,97124599.01,Grocery,Grocery
3,40,277.23,"2023-01-09 12:17:18",High,124238969.54,Electronics,Electronics
1,37,26.94,"2023-01-09 07:52:05",Low,314858.79,Grocery,Grocery
10,38,458.90,"2023-01-09 06:50:41",High,244762.07,Grocery,Grocery
10,31,736.17,"2023-01-09 00:53:02",High,244762.07,Clothing,Clothing
4,37,667.02,"2023-01-09 19:22:04",High,274222.92,Clothing,Clothing
3,32,212.38,"2023-01-09 17:51:54",High,124238969.54,Electronics,Electronics
6,33,643.90,"2023-01-09 10:12:48",High,387381.73,Home,Home
1,37,824.74,"2023-01-09 19:50:29",High,314858.79,Clothing,Clothing
10,31,707.84,"2023-01-09 11:07:30",High,244762.07,Toys,Toys
8,37,248.73,"2023-01-09 15:13:27",High,177360.24,Clothing,Clothing
7,36,741.04,"2023-01-09 17:02:17",High,97124599.01,Clothing,Clothing
8,32,344.85,"2023-01-09 04:55:31",High,177360.24,Clothing,Clothing
3,31,555.34,"2023-01-09 12:10:59",High,124238969.54,Home,Home
1,31,907.01,"2023-01-09 13:13:15",High,314858.79,Clothing,Clothing
7,40,885.12,"2023-01-09 18:30:57",High,97124599.01,Clothing,Clothing
1,35,701.49,"2023-01-09 20:22:29",High,314858.79,Electronics,Electronics
5,34,337.52,"2023-01-09 12:24:33",High,98690034.01,Clothing,Clothing
4,40,49.21,"2023-01-09 01:03:58",Low,274222.92,Grocery,Grocery
9,34,410.97,"2023-01-09 12:33:00",High,371201.45,NULL,NULL
8,31,947.85,"2023-01-09 13:06:50",High,177360.24,Electronics,Electronics
1,35,615.92,"2023-01-09 04:51:50",High,314858.79,Electronics,Electronics
8,39,348.26,"2023-01-09 06:13:50",High,177360.24,Home,Home
2,36,189.57,"2023-01-09 06:18:00",Medium,81117094.41,Toys,Toys
10,40,39220.39,"2023-01-09 06:18:00",High,244762.07,NULL,NULL
3,39,519.65,"2023-01-09 05:42:52",High,124238969.54,Toys,Toys
7,40,55.22,"2023-01-09 17:29:38",Medium,97124599.01,Electronics,Electronics
3,33,163.29,"2023-01-09 06:20:40",Medium,124238969.54,Home,Home
7,31,579.09,"2023-01-09 03:50:44",High,97124599.01,Grocery,Grocery
3,40,471.80,"2023-01-09 14:40:14",High,124238969.54,Home,Home
3,31,396.48,"2023-01-09 15:30:17",High,124238969.54,Electronics,Electronics
9,33,843.09,"2023-01-09 15:45:06",High,371201.45,Home,Home
10,32,868.99,"2023-01-09 06:17:03",High,244762.07,Clothing,Clothing
4,39,961.58,"2023-01-09 03:43:55",High,274222.92,Electronics,Electronics
2,31,26081.29,"2023-01-09 03:43:55",High,81117094.41,Home,NULL
2,35,533.97,"2023-01-09 16:38:17",High,81117094.41,NULL,NULL
8,31,646.97,"2023-01-09 06:30:32",High,177360.24,Toys,Toys
8,35,256.42,"2023-01-09 12:07:34",High,177360.24,Grocery,Grocery
4,40,617.35,"2023-01-09 09:49:17",High,274222.92,Home,Home
5,35,625.31,"2023-01-09 13:49:39",High,98690034.01,Home,Home
6,38,69.94,"2023-01-09 22:06:34",Medium,387381.73,NULL,NULL
4,35,295.33,"2023-01-09 17:52:12",High,274222.92,NULL,NULL
1,36,717.30,"2023-01-09 14:51:17",High,314858.79,Toys,Toys
9,40,185.61,"2023-01-09 14:01:21",Medium,371201.45,NULL,NULL
1,33,375.86,"2023-01-09 09:52:31",High,314858.79,Clothing,Clothing
3,40,717.66,"2023-01-09 02:55:12",High,124238969.54,NULL,NULL
2,31,924.83,"2023-01-09 16:51:18",High,81117094.41,Electronics,Electronics
7,33,704.12,"2023-01-09 13:40:01",High,97124599.01,Toys,Toys
9,39,303.35,"2023-01-09 05:58:51",High,371201.45,Electronics,Electronics
10,32,932.36,"2023-01-09 01:11:31",High,244762.07,Home,Home
10,39,598.61,"2023-01-09 08:06:48",High,244762.07,Clothing,Clothing
5,33,205.87,"2023-01-09 22:54:13",High,98690034.01,Home,Home
8,31,468.96,"2023-01-09 16:42:52",High,177360.24,NULL,NULL
5,35,984.22,"2023-01-09 01:10:48",High,98690034.01,Clothing,Clothing
1,34,426.63,"2023-01-09 02:13:42",High,314858.79,Home,Home
3,36,44376000.00,"2023-01-09 03:51:22",High,124238969.54,NULL,NULL
1,40,592.77,"2023-01-09 16:48:31",High,314858.79,Home,Home
10,38,281.74,"2023-01-09 03:40:34",High,244762.07,NULL,NULL
9,40,743.75,"2023-01-09 21:24:59",High,371201.45,Toys,Toys
5,34,44.37,"2023-01-09 20:31:25",Low,98690034.01,Grocery,Grocery
4,35,643.21,"2023-01-09 20:22:07",High,274222.92,Electronics,Electronics
6,40,287.89,"2023-01-10 06:53:14",High,387381.73,Clothing,Clothing
3,38,390.16,"2023-01-10 08:13:05",High,124238969.54,Electronics,Electronics
9,36,483.18,"2023-01-10 14:59:38",High,371201.45,Electronics,Electronics
3,37,175.90,"2023-01-10 18:28:17",Medium,124238969.54,Toys,Toys
8,37,285.33,"2023-01-10 20:53:13",High,177360.24,Electronics,Electronics
1,37,624.26,"2023-01-10 19:38:27",High,314858.79,NULL,NULL
6,35,69.29,"2023-01-10 03:14:22",Medium,387381.73,Toys,Toys
9,40,672.33,"2023-01-10 09:24:42",High,371201.45,NULL,NULL
4,40,552.90,"2023-01-10 22:50:56",High,274222.92,Clothing,Clothing
9,37,182.78,"2023-01-10 17:14:33",Medium,371201.45,Electronics,Electronics
1,40,247.76,"2023-01-10 06:47:42",High,314858.79,NULL,NULL
3,38,781.12,"2023-01-10 01:49:07",High,124238969.54,Clothing,Clothing
8,37,512.69,"2023-01-10 11:27:51",High,177360.24,NULL,NULL
10,33,82.28,"2023-01-10 04:40:51",Medium,244762.07,Electronics,Electronics
4,38,473.77,"2023-01-10 20:13:13",High,274222.92,Electronics,Electronics
2,40,703.49,"2023-01-10 21:36:55",High,81117094.41,Toys,Toys
1,39,169.35,"2023-01-10 20:38:43",Medium,314858.79,Toys,Toys
5,37,221.23,"2023-01-10 08:42:11",High,98690034.01,NULL,NULL
6,38,454.64,"2023-01-10 06:47:07",High,387381.73,Electronics,Electronics
5,31,461.55,"2023-01-10 20:29:57",High,98690034.01,Electronics,Electronics
10,38,284.39,"2023-01-10 17:53:29",High,244762.07,Grocery,Grocery
10,34,924.46,"2023-01-10 23:58:14",High,244762.07,Clothing,Clothing
10,37,767.64,"2023-01-10 08:13:32",High,244762.07,Electronics,Electronics
3,37,234.80,"2023-01-10 22:10:50",High,124238969.54,Grocery,Grocery
10,37,89.90,"2023-01-10 16:12:11",Medium,244762.07,Grocery,Grocery
2,37,70.14,"2023-01-10 14:42:41",Medium,81117094.41,Grocery,Grocery
6,34,627.65,"2023-01-10 10:15:49",High,387381.73,Clothing,Clothing
3,34,917.47,"2023-01-10 05:08:29",High,124238969.54,Clothing,Clothing
8,40,789.19,"2023-01-10 23:29:33",High,177360.24,Electronics,Electronics
7,40,839.15,"2023-01-10 15:59:08",High,97124599.01,NULL,NULL
4,40,536.11,"2023-01-10 10:20:46",High,274222.92,Home,Home
9,37,871.24,"2023-01-10 06:54:00",High,371201.45,Home,Home
10,38,891.04,"2023-01-10 02:32:57",High,244762.07,Electronics,Electronics
1,37,794.00,"2023-01-10 10:18:15",High,314858.79,NULL,NULL
3,38,286.71,"2023-01-10 04:20:34",High,124238969.54,Electronics,Electronics
9,31,152.16,"2023-01-10 07:50:59",Medium,371201.45,Electronics,Electronics
1,37,713.08,"2023-01-10 06:48:35",High,314858.79,Home,Home
3,38,524.70,"2023-01-10 04:56:11",High,124238969.54,Toys,Toys
6,33,956.43,"2023-01-10 18:09:35",High,387381.73,Clothing,Clothing
8,40,828.31,"2023-01-10 03:20:40",High,177360.24,Toys,Toys
2,33,437.35,"2023-01-11 04:25:18",High,81117094.41,Electronics,Electronics
5,31,145.80,"2023-01-11 17:29:27",Medium,98690034.01,NULL,NULL
2,36,166.52,"2023-01-11 19:18:38",Medium,81117094.41,Home,Home
1,33,361.28,"2023-01-11 08:47:47",High,314858.79,Grocery,Grocery
3,33,456.70,"2023-01-11 18:27:58",High,124238969.54,Electronics,Electronics
10,36,654.53,"2023-01-11 08:58:46",High,244762.07,Electronics,Electronics
4,35,650.82,"2023-01-11 12:31:30",High,274222.92,Home,Home
1,33,413.40,"2023-01-11 22:44:31",High,314858.79,Clothing,Clothing
7,40,119.79,"2023-01-11 02:24:57",Medium,97124599.01,Toys,Toys
6,32,677.68,"2023-01-11 11:59:48",High,387381.73,Electronics,Electronics
10,38,582.80,"2023-01-11 07:19:25",High,244762.07,Electronics,Electronics
1,35,581.75,"2023-01-11 00:38:19",High,314858.79,Electronics,Electronics
6,36,603.65,"2023-01-11 23:55:05",High,387381.73,Grocery,Grocery
2,31,53.73,"2023-01-11 08:49:49",Medium,81117094.41,Toys,Toys
4,38,424.09,"2023-01-11 04:25:41",High,274222.92,Clothing,Clothing
4,33,701.26,"2023-01-11 12:01:35",High,274222.92,Toys,Toys
6,38,838.20,"2023-01-11 05:31:44",High,387381.73,NULL,NULL
6,32,70.67,"2023-01-11 07:54:13",Medium,387381.73,Home,Home
6,35,102.09,"2023-01-11 10:23:23",Medium,387381.73,Electronics,Electronics
3,40,936.72,"2023-01-11 12:20:44",High,124238969.54,Home,Home
1,35,591.85,"2023-01-11 06:40:25",High,314858.79,Grocery,Grocery
6,34,55.62,"2023-01-11 14:07:31",Medium,387381.73,Home,Home
8,38,961.91,"2023-01-11 07:23:05",High,177360.24,Grocery,Grocery
8,40,667.70,"2023-01-11 14:05:54",High,177360.24,Clothing,Clothing
5,31,699.18,"2023-01-11 02:10:57",High,98690034.01,Grocery,Grocery
10,36,834.47,"2023-01-11 09:35:43",High,244762.07,Grocery,Grocery
9,35,138.43,"2023-01-11 18:01:15",Medium,371201.45,Electronics,Electronics
10,40,461.23,"2023-01-11 17:56:03",High,244762.07,Home,Home
10,37,91.29,"2023-01-11 12:22:06",Medium,244762.07,Toys,Toys
8,39,264.10,"2023-01-11 04:53:29",High,177360.24,NULL,NULL
9,37,87.18,"2023-01-11 04:30:28",Medium,371201.45,Electronics,Electronics
6,40,712.98,"2023-01-11 22:00:57",High,387381.73,NULL,NULL
5,38,285.40,"2023-01-11 23:58:16",High,98690034.01,Clothing,Clothing
10,34,349.14,"2023-01-11 00:47:37",High,244762.07,Home,Home
4,37,416.45,"2023-01-11 21:32:03",High,274222.92,Grocery,Grocery
10,38,156.73,"2023-01-11 23:40:17",Medium,244762.07,Electronics,Electronics
5,32,358.24,"2023-01-11 22:02:46",High,98690034.01,Electronics,Electronics
7,34,45274.77,"2023-01-11 22:02:46",High,97124599.01,NULL,NULL
9,31,558.30,"2023-01-11 05:09:35",High,371201.45,Toys,Toys
1,33,234.11,"2023-01-11 04:55:35",High,314858.79,Home,Home
8,40,203.69,"2023-01-11 12:18:31",High,177360.24,Toys,Toys
8,40,852.31,"2023-01-11 19:15:43",High,177360.24,Home,Home
4,31,266.15,"2023-01-11 20:29:19",High,274222.92,Grocery,Grocery
9,33,355.04,"2023-01-11 12:58:59",High,371201.45,Grocery,Grocery
8,40,718.00,"2023-01-11 18:13:36",High,177360.24,Grocery,Grocery
7,40,319.50,"2023-01-11 11:54:06",High,97124599.01,Electronics,Electronics
5,32,383.79,"2023-01-11 23:53:50",High,98690034.01,Grocery,Grocery
8,40,327.94,"2023-01-11 23:22:51",High,177360.24,Electronics,Electronics
10,34,39.78,"2023-01-11 06:18:38",Low,244762.07,Electronics,Electronics
6,37,763.12,"2023-01-11 20:20:12",High,387381.73,Grocery,Grocery
3,31,628.57,"2023-01-11 17:22:20",High,124238969.54,Home,Home
7,38,673.10,"2023-01-11 16:55:40",High,97124599.01,Toys,Toys
5,37,651.78,"2023-01-11 01:57:29",High,98690034.01,Grocery,Grocery
5,36,829.83,"2023-01-11 18:40:36",High,98690034.01,Home,Home
7,32,183.58,"2023-01-11 22:13:48",Medium,97124599.01,Electronics,Electronics
2,32,81.67,"2023-01-11 20:44:23",Medium,81117094.41,Home,Home
10,40,895.33,"2023-01-11 11:52:06",High,244762.07,Toys,Toys
7,36,166.76,"2023-01-11 22:05:10",Medium,97124599.01,Clothing,Clothing
9,35,350.39,"2023-01-11 01:49:39",High,371201.45,Home,Home
1,37,477.30,"2023-01-12 07:14:20",High,314858.79,Toys,Toys
5,40,146.15,"2023-01-12 03:20:15",Medium,98690034.01,Electronics,Electronics
7,36,358.40,"2023-01-12 09:34:15",High,97124599.01,Grocery,Grocery
4,32,998.82,"2023-01-12 16:03:07",High,274222.92,NULL,NULL
4,39,175.88,"2023-01-12 18:04:09",Medium,274222.92,Electronics,Electronics
1,40,239.66,"2023-01-12 12:17:40",High,314858.79,Home,Home
10,36,334.40,"2023-01-12 06:38:36",High,244762.07,Home,Home
2,36,544.64,"2023-01-12 09:27:09",High,81117094.41,Toys,Toys
7,39,280.48,"2023-01-12 17:58:40",High,97124599.01,Grocery,Grocery
9,36,712.54,"2023-01-12 02:07:00",High,371201.45,Grocery,Grocery
6,33,186.79,"2023-01-12 07:15:16",Medium,387381.73,Electronics,Electronics
5,35,997.33,"2023-01-12 07:47:49",High,98690034.01,Home,Home
8,32,265.16,"2023-01-12 20:23:13",High,177360.24,Toys,Toys
3,35,321.60,"2023-01-12 13:23:37",High,124238969.54,NULL,NULL
4,39,527.19,"2023-01-12 02:04:44",High,274222.92,Clothing,Clothing
3,40,853.34,"2023-01-12 12:03:29",High,124238969.54,Electronics,Electronics
7,40,805.67,"2023-01-12 03:00:57",High,97124599.01,Grocery,Grocery
10,38,525.82,"2023-01-12 13:34:05",High,244762.07,Grocery,Grocery
4,40,826.87,"2023-01-12 08:26:47",High,274222.92,Toys,Toys
6,32,920.37,"2023-01-12 15:17:03",High,387381.73,Home,Home
3,39,850.98,"2023-01-12 22:32:01",High,124238969.54,Home,Home
3,32,253.51,"2023-01-12 06:23:12",High,124238969.54,Toys,Toys
8,37,489.95,"2023-01-12 01:45:19",High,177360.24,NULL,NULL
3,37,430.14,"2023-01-12 19:19:01",High,124238969.54,Toys,Toys
6,40,612.54,"2023-01-12 08:46:51",High,387381.73,Grocery,Grocery
2,32,520.04,"2023-01-12 23:47:10",High,81117094.41,Toys,Toys
3,39,581.01,"2023-01-12 15:39:30",High,124238969.54,Toys,Toys
2,40,36494.85,"2023-01-12 15:39:30",High,81117094.41,Grocery,NULL
6,31,63.42,"2023-01-12 21:01:22",Medium,387381.73,Grocery,Grocery
3,33,412.46,"2023-01-12 09:12:37",High,124238969.54,Grocery,Grocery
3,39,638.37,"2023-01-12 18:48:26",High,124238969.54,Clothing,Clothing
5,39,141.39,"2023-01-12 10:18:15",Medium,98690034.01,Grocery,Grocery
10,40,691.57,"2023-01-12 03:39:48",High,244762.07,Home,Home
8,31,85.68,"2023-01-12 21:25:28",Medium,177360.24,Electronics,Electronics
2,37,736.30,"2023-01-12 12:25:37",High,81117094.41,Electronics,Electronics
9,32,873.72,"2023-01-12 17:25:26",High,371201.45,NULL,NULL
6,33,549.94,"2023-01-13 22:25:46",High,387381.73,Clothing,Clothing
5,31,637.33,"2023-01-13 18:04:01",High,98690034.01,Home,Home
9,39,777.69,"2023-01-13 04:32:43",High,371201.45,Home,Home
7,33,534.15,"2023-01-13 12:13:49",High,97124599.01,NULL,NULL
8,36,254.46,"2023-01-13 13:21:02",High,177360.24,Electronics,Electronics
1,36,608.57,"2023-01-13 07:36:27",High,314858.79,Electronics,Electronics
1,31,317.06,"2023-01-13 20:08:24",High,314858.79,Clothing,Clothing
9,31,512.29,"2023-01-13 15:04:10",High,371201.45,NULL,NULL
8,35,313.86,"2023-01-13 10:39:19",High,177360.24,Clothing,Clothing
2,34,659.40,"2023-01-13 12:50:03",High,81117094.41,NULL,NULL
5,39,803.68,"2023-01-13 14:47:20",High,98690034.01,Electronics,Electronics
5,38,173.59,"2023-01-13 08:48:52",Medium,98690034.01,Home,Home
3,38,432.65,"2023-01-13 01:03:04",High,124238969.54,NULL,NULL
4,36,740.21,"2023-01-13 04:10:23",High,274222.92,Home,Home
1,34,561.06,"2023-01-13 07:18:07",High,314858.79,Grocery,Grocery
6,40,518.83,"2023-01-13 02:02:42",High,387381.73,Grocery,Grocery
6,32,250.49,"2023-01-13 10:45:00",High,387381.73,Electronics,Electronics
8,35,233.50,"2023-01-13 00:54:03",High,177360.24,Home,Home
9,33,716.94,"2023-01-13 03:42:34",High,371201.45,Clothing,Clothing
2,37,836.39,"2023-01-13 07:35:05",High,81117094.41,Electronics,Electronics
5,32,83.79,"2023-01-13 09:55:39",Medium,98690034.01,Grocery,Grocery
1,33,160.77,"2023-01-13 23:23:01",Medium,314858.79,Grocery,Grocery
4,32,140.17,"2023-01-13 00:40:36",Medium,274222.92,NULL,NULL
4,39,36378.38,"2023-01-13 00:40:36",High,274222.92,Electronics,NULL
7,32,667.73,"2023-01-13 08:16:01",High,97124599.01,Home,Home
9,33,808.52,"2023-01-13 03:55:23",High,371201.45,Clothing,Clothing
5,35,680.11,"2023-01-13 12:37:55",High,98690034.01,Electronics,Electronics
9,31,321.08,"2023-01-13 13:23:40",High,371201.45,Electronics,Electronics
1,37,326.59,"2023-01-13 16:08:40",High,314858.79,Grocery,Grocery
4,40,142.86,"2023-01-13 13:42:51",Medium,274222.92,Clothing,Clothing
9,39,66.71,"2023-01-13 04:32:45",Medium,371201.45,Electronics,Electronics
6,36,276.19,"2023-01-13 12:48:13",High,387381.73,Clothing,Clothing
6,36,106.37,"2023-01-13 22:52:54",Medium,387381.73,Toys,Toys
7,31,346.81,"2023-01-13 14:39:19",High,97124599.01,Home,Home
7,33,438.68,"2023-01-13 18:13:15",High,97124599.01,Toys,Toys
8,32,41596.39,"2023-01-13 18:13:15",High,177360.24,Electronics,NULL
6,40,56.38,"2023-01-13 09:23:35",Medium,387381.73,Grocery,Grocery
6,40,211.59,"2023-01-13 22:35:14",High,387381.73,Home,Home
9,35,908.52,"2023-01-13 21:02:12",High,371201.45,Home,Home
4,31,772.39,"2023-01-13 03:31:30",High,274222.92,Clothing,Clothing
10,39,456.62,"2023-01-13 13:13:12",High,244762.07,Toys,Toys
10,35,525.34,"2023-01-13 18:23:27",High,244762.07,Toys,Toys
7,33,233.51,"2023-01-13 08:32:16",High,97124599.01,Electronics,Electronics
10,31,234.89,"2023-01-14 14:25:36",High,244762.07,NULL,NULL
8,36,117.27,"2023-01-14 06:42:51",Medium,177360.24,Home,Home
3,37,740.68,"2023-01-14 18:01:49",High,124238969.54,Electronics,Electronics
4,31,469.76,"2023-01-14 22:43:36",High,274222.92,Home,Home
8,34,812.63,"2023-01-14 00:28:58",High,177360.24,Toys,Toys
5,31,355.74,"2023-01-14 17:21:23",High,98690034.01,Electronics,Electronics
2,32,491.25,"2023-01-14 13:20:02",High,81117094.41,NULL,NULL
3,35,607.48,"2023-01-14 09:41:47",High,124238969.54,NULL,NULL
4,37,861.57,"2023-01-14 18:08:52",High,274222.92,Electronics,Electronics
4,31,824.00,"2023-01-14 01:13:39",High,274222.92,Toys,Toys
9,38,30981.54,"2023-01-14 01:13:39",High,371201.45,Clothing,NULL
7,37,832.22,"2023-01-14 08:24:14",High,97124599.01,Electronics,Electronics
4,38,10.57,"2023-01-14 03:00:17",Low,274222.92,Toys,Toys
8,36,311.46,"2023-01-14 14:24:25",High,177360.24,Grocery,Grocery
8,40,964.50,"2023-01-14 09:44:39",High,177360.24,Home,Home
3,37,211.84,"2023-01-14 20:53:59",High,124238969.54,Grocery,Grocery
8,40,445.30,"2023-01-14 06:38:11",High,177360.24,Home,Home
6,32,15061.98,"2023-01-14 06:38:11",High,387381.73,Clothing,NULL
7,36,639.09,"2023-01-14 06:45:34",High,97124599.01,Home,Home
5,39,714.43,"2023-01-14 11:40:01",High,98690034.01,NULL,NULL
3,33,339.33,"2023-01-14 22:49:55",High,124238969.54,Grocery,Grocery
1,35,402.38,"2023-01-14 15:09:39",High,314858.79,Electronics,Electronics
8,39,140.75,"2023-01-14 08:02:58",Medium,177360.24,Toys,Toys
9,37,369.52,"2023-01-14 23:54:37",High,371201.45,Home,Home
9,31,633.64,"2023-01-14 01:15:07",High,371201.45,Electronics,Electronics
9,33,222.46,"2023-01-14 14:20:45",High,371201.45,NULL,NULL
2,36,833.93,"2023-01-14 01:17:39",High,81117094.41,Clothing,Clothing
4,36,17.82,"2023-01-14 07:43:12",Low,274222.92,Home,Home
3,36,970.17,"2023-01-14 00:49:18",High,124238969.54,Clothing,Clothing
9,31,595.66,"2023-01-14 02:51:25",High,371201.45,NULL,NULL
4,37,510.86,"2023-01-14 13:30:36",High,274222.92,Toys,Toys
3,40,397.69,"2023-01-14 00:15:50",High,124238969.54,Grocery,Grocery
3,39,257.62,"2023-01-14 18:51:52",High,124238969.54,Clothing,Clothing
2,40,444.33,"2023-01-14 16:53:47",High,81117094.41,NULL,NULL
1,31,771.61,"2023-01-14 02:04:13",High,314858.79,Electronics,Electronics
10,39,34.59,"2023-01-14 12:34:37",Low,244762.07,Home,Home
4,36,296.33,"2023-01-14 23:10:38",High,274222.92,Grocery,Grocery
1,40,45.28,"2023-01-15 14:39:55",Low,314858.79,Electronics,Electronics
2,38,947.42,"2023-01-15 23:23:34",High,81117094.41,NULL,NULL
10,34,328.87,"2023-01-15 08:21:13",High,244762.07,Clothing,Clothing
4,36,922.02,"2023-01-15 08:22:49",High,274222.92,Electronics,Electronics
1,33,591.27,"2023-01-15 16:06:35",High,314858.79,Home,Home
8,40,285.42,"2023-01-15 16:40:48",High,177360.24,NULL,NULL
5,34,59.76,"2023-01-15 18:44:12",Medium,98690034.01,Clothing,Clothing
3,37,349.00,"2023-01-15 20:54:46",High,124238969.54,NULL,NULL
2,34,625.32,"2023-01-15 16:10:29",High,81117094.41,NULL,NULL
1,37,791.23,"2023-01-15 20:15:47",High,314858.79,NULL,NULL
10,40,461.86,"2023-01-15 01:55:41",High,244762.07,NULL,NULL
1,31,640.25,"2023-01-15 10:28:20",High,314858.79,Home,Home
1,40,313.03,"2023-01-15 17:42:45",High,314858.79,NULL,NULL
8,37,62.44,"2023-01-15 03:27:54",Medium,177360.24,Home,Home
1,40,590.66,"2023-01-15 17:48:57",High,314858.79,NULL,NULL
1,37,405.25,"2023-01-15 19:42:03",High,314858.79,Clothing,Clothing
7,32,723.07,"2023-01-15 11:47:11",High,97124599.01,Home,Home
10,36,596.28,"2023-01-15 11:54:44",High,244762.07,Clothing,Clothing
2,40,582.39,"2023-01-15 18:35:20",High,81117094.41,Grocery,Grocery
4,32,527.70,"2023-01-15 23:14:04",High,274222.92,Grocery,Grocery
5,39,959.50,"2023-01-15 08:30:50",High,98690034.01,Electronics,Electronics
8,36,881.77,"2023-01-15 07:19:26",High,177360.24,Toys,Toys
4,39,25.16,"2023-01-15 21:07:09",Low,274222.92,Electronics,Electronics
3,37,867.06,"2023-01-15 08:37:57",High,124238969.54,Toys,Toys
7,40,684.59,"2023-01-15 15:41:14",High,97124599.01,NULL,NULL
5,36,507.42,"2023-01-15 03:15:34",High,98690034.01,Electronics,Electronics
2,34,327.57,"2023-01-15 18:48:33",High,81117094.41,Electronics,Electronics
4,40,24.87,"2023-01-15 12:57:09",Low,274222.92,Electronics,Electronics
9,37,44477.35,"2023-01-15 12:57:09",High,371201.45,Toys,NULL
9,33,428.32,"2023-01-15 18:07:49",High,371201.45,Toys,Toys
4,34,515.95,"2023-01-15 13:18:18",High,274222.92,Home,Home
7,40,458.37,"2023-01-15 18:45:03",High,97124599.01,Clothing,Clothing
9,35,898.58,"2023-01-15 06:39:24",High,371201.45,Clothing,Clothing
2,37,216.28,"2023-01-15 01:19:37",High,81117094.41,Home,Home
10,35,109.07,"2023-01-15 01:29:16",Medium,244762.07,NULL,NULL
4,36,51.97,"2023-01-15 07:40:17",Medium,274222.92,Electronics,Electronics
5,35,556.29,"2023-01-15 22:25:56",High,98690034.01,NULL,NULL
2,36,516.29,"2023-01-15 04:17:56",High,81117094.41,Clothing,Clothing
4,38,746.25,"2023-01-15 11:06:44",High,274222.92,Grocery,Grocery
8,32,636.92,"2023-01-15 16:09:04",High,177360.24,Toys,Toys
9,39,92.28,"2023-01-15 16:35:42",Medium,371201.45,Home,Home
4,40,536.81,"2023-01-15 10:15:25",High,274222.92,Electronics,Electronics
2,37,291.14,"2023-01-15 03:58:19",High,81117094.41,Clothing,Clothing
7,34,27552.86,"2023-01-15 03:58:19",High,97124599.01,Home,NULL
8,38,323.71,"2023-01-15 08:00:25",High,177360.24,Toys,Toys
6,39,371.01,"2023-01-15 03:16:20",High,387381.73,Clothing,Clothing
8,36,521.42,"2023-01-15 16:12:14",High,177360.24,NULL,NULL
4,39,743.24,"2023-01-15 17:53:52",High,274222.92,Grocery,Grocery
9,34,558.24,"2023-01-15 09:37:31",High,371201.45,Grocery,Grocery
9,37,942.73,"2023-01-15 02:24:30",High,371201.45,Toys,Toys
10,34,356.34,"2023-01-15 10:29:08",High,244762.07,Clothing,Clothing
5,35,328.86,"2023-01-15 08:43:42",High,98690034.01,Grocery,Grocery
2,37,159.80,"2023-01-15 02:07:00",Medium,81117094.41,Clothing,Clothing
9,39,868.18,"2023-01-15 03:38:40",High,371201.45,Grocery,Grocery
2,34,751.84,"2023-01-15 15:57:13",High,81117094.41,Home,Home
3,40,714.62,"2023-01-16 01:34:04",High,124238969.54,NULL,NULL
1,38,888.20,"2023-01-16 17:03:24",High,314858.79,Home,Home
7,38,230.54,"2023-01-16 01:21:52",High,97124599.01,Toys,Toys
4,40,535.27,"2023-01-16 11:52:29",High,274222.92,Grocery,Grocery
3,37,22148.90,"2023-01-16 19:35:36",High,124238969.54,Clothing,NULL
6,40,430.78,"2023-01-16 05:07:22",High,387381.73,Toys,Toys
3,34,893.82,"2023-01-16 01:40:50",High,124238969.54,Toys,Toys
6,38,619.18,"2023-01-16 05:58:54",High,387381.73,Clothing,Clothing
5,35,280.45,"2023-01-16 22:38:27",High,98690034.01,Clothing,Clothing
7,38,497.77,"2023-01-16 15:35:08",High,97124599.01,Grocery,Grocery
10,40,672.44,"2023-01-16 15:36:49",High,244762.07,Electronics,Electronics
1,35,289.56,"2023-01-16 15:31:38",High,314858.79,Electronics,Electronics
4,36,619.98,"2023-01-16 23:36:25",High,274222.92,NULL,NULL
6,32,981.48,"2023-01-16 00:19:28",High,387381.73,Toys,Toys
7,40,294.88,"2023-01-16 00:32:48",High,97124599.01,NULL,NULL
9,35,961.32,"2023-01-16 20:06:43",High,371201.45,NULL,NULL
1,39,436.42,"2023-01-16 15:18:19",High,314858.79,Grocery,Grocery
6,33,861.70,"2023-01-16 09:03:09",High,387381.73,Grocery,Grocery
5,34,654.24,"2023-01-16 23:44:21",High,98690034.01,Clothing,Clothing
6,36,734.89,"2023-01-16 18:40:27",High,387381.73,Electronics,Electronics
6,40,413.29,"2023-01-16 23:06:49",High,387381.73,NULL,NULL
6,38,852.07,"2023-01-16 01:43:24",High,387381.73,Toys,Toys
9,33,838.86,"2023-01-16 12:29:01",High,371201.45,Electronics,Electronics
6,31,11910.26,"2023-01-16 12:29:01",High,387381.73,NULL,NULL
2,40,950.71,"2023-01-16 10:48:36",High,81117094.41,Clothing,Clothing
3,37,599.61,"2023-01-16 06:09:20",High,124238969.54,Electronics,Electronics
6,38,991.99,"2023-01-16 01:53:34",High,387381.73,NULL,NULL
2,36,109.18,"2023-01-16 02:24:58",Medium,81117094.41,Home,Home
2,38,255.89,"2023-01-16 10:22:36",High,81117094.41,Grocery,Grocery
5,35,39969.00,"2023-01-16 10:22:36",High,98690034.01,Grocery,NULL
9,32,573.55,"2023-01-16 20:39:02",High,371201.45,Clothing,Clothing
8,32,986.37,"2023-01-16 16:10:18",High,177360.24,Home,Home
4,32,75.87,"2023-01-16 08:36:49",Medium,274222.92,Home,Home
2,31,197.52,"2023-01-16 06:24:56",Medium,81117094.41,NULL,NULL
10,34,365.30,"2023-01-16 18:09:04",High,244762.07,Electronics,Electronics
3,34,161.00,"2023-01-16 14:28:03",Medium,124238969.54,NULL,NULL
7,32,562.49,"2023-01-16 06:11:22",High,97124599.01,Electronics,Electronics
9,38,98.93,"2023-01-16 02:25:48",Medium,371201.45,NULL,NULL
9,35,709.48,"2023-01-16 08:55:12",High,371201.45,Grocery,Grocery
10,31,675.99,"2023-01-16 04:36:23",High,244762.07,Electronics,Electronics
10,37,271.26,"2023-01-16 17:53:04",High,244762.07,Grocery,Grocery
6,38,352.87,"2023-01-16 21:27:18",High,387381.73,Grocery,Grocery
9,36,865.94,"2023-01-16 21:56:05",High,371201.45,Clothing,Clothing
1,35,18.40,"2023-01-16 06:05:13",Low,314858.79,NULL,NULL
4,40,427.25,"2023-01-16 23:53:28",High,274222.92,Electronics,Electronics
5,38,499.73,"2023-01-16 22:58:20",High,98690034.01,Home,Home
8,32,541.39,"2023-01-16 08:39:10",High,177360.24,Home,Home
9,36,461.61,"2023-01-16 11:24:34",High,371201.45,Electronics,Electronics
1,32,319.16,"2023-01-16 04:34:34",High,314858.79,Clothing,Clothing
5,35,193.76,"2023-01-16 23:44:31",Medium,98690034.01,Toys,Toys
1,38,169.92,"2023-01-16 08:13:37",Medium,314858.79,Grocery,Grocery
10,40,253.14,"2023-01-16 11:18:50",High,244762.07,Electronics,Electronics
10,34,779.68,"2023-01-16 21:53:06",High,244762.07,Electronics,Electronics
5,35,811.43,"2023-01-16 21:17:26",High,98690034.01,Toys,Toys
6,32,160.36,"2023-01-16 08:30:46",Medium,387381.73,Electronics,Electronics
6,36,542.57,"2023-01-16 02:56:19",High,387381.73,Clothing,Clothing
9,33,897.69,"2023-01-16 04:27:17",High,371201.45,NULL,NULL
2,35,621.09,"2023-01-16 08:50:55",High,81117094.41,Toys,Toys
4,36,311.66,"2023-01-16 23:41:40",High,274222.92,Toys,Toys
9,37,666.14,"2023-01-16 16:49:52",High,371201.45,Home,Home
2,40,69.31,"2023-01-16 17:27:27",Medium,81117094.41,Toys,Toys
4,34,111.61,"2023-01-16 19:28:01",Medium,274222.92,Electronics,Electronics
7,36,64.20,"2023-01-16 21:47:06",Medium,97124599.01,Grocery,Grocery
8,36,163.55,"2023-01-16 08:43:39",Medium,177360.24,NULL,NULL
5,40,476.86,"2023-01-16 06:24:17",High,98690034.01,Clothing,Clothing
1,40,639.43,"2023-01-16 09:36:13",High,314858.79,Home,Home
9,34,651.36,"2023-01-16 06:45:23",High,371201.45,NULL,NULL
4,31,227.01,"2023-01-16 02:04:18",High,274222.92,Home,Home
2,33,867.84,"2023-01-17 08:55:57",High,81117094.41,NULL,NULL
10,36,583.38,"2023-01-17 11:23:25",High,244762.07,Grocery,Grocery
1,39,411.19,"2023-01-17 18:25:54",High,314858.79,Clothing,Clothing
8,35,300.25,"2023-01-17 15:55:15",High,177360.24,Electronics,Electronics
4,37,256.59,"2023-01-17 00:32:14",High,274222.92,Toys,Toys
5,37,162.06,"2023-01-17 16:55:44",Medium,98690034.01,Home,Home
9,34,736.03,"2023-01-17 05:40:30",High,371201.45,Toys,Toys
2,35,247.65,"2023-01-17 15:13:27",High,81117094.41,Grocery,Grocery
8,36,537.43,"2023-01-17 08:47:42",High,177360.24,Grocery,Grocery
3,37,159.38,"2023-01-17 09:24:24",Medium,124238969.54,Toys,Toys
3,31,418.48,"2023-01-17 03:47:14",High,124238969.54,Home,Home
5,37,392.09,"2023-01-17 05:20:56",High,98690034.01,Toys,Toys
6,40,12711.70,"2023-01-17 05:20:56",High,387381.73,Toys,NULL
8,31,828.05,"2023-01-17 15:37:21",High,177360.24,NULL,NULL
1,32,414.41,"2023-01-17 10:31:40",High,314858.79,NULL,NULL
7,31,615.02,"2023-01-17 12:37:56",High,97124599.01,Electronics,Electronics
2,32,341.49,"2023-01-17 04:57:45",High,81117094.41,Toys,Toys
4,33,210.60,"2023-01-17 06:07:35",High,274222.92,Clothing,Clothing
4,35,363.91,"2023-01-17 17:44:27",High,274222.92,NULL,NULL
8,31,865.69,"2023-01-17 14:09:26",High,177360.24,Home,Home
3,39,682.21,"2023-01-17 11:41:07",High,124238969.54,Electronics,Electronics
5,36,661.64,"2023-01-17 10:22:28",High,98690034.01,Electronics,Electronics
1,35,887.11,"2023-01-17 23:19:16",High,314858.79,NULL,NULL
9,33,813.14,"2023-01-17 16:37:16",High,371201.45,Grocery,Grocery
4,32,719.84,"2023-01-17 17:40:24",High,274222.92,Home,Home
1,38,87.47,"2023-01-17 03:42:15",Medium,314858.79,Home,Home
9,36,127.87,"2023-01-17 10:44:27",Medium,371201.45,Electronics,Electronics
6,40,122.13,"2023-01-17 09:51:48",Medium,387381.73,Home,Home
6,37,87.15,"2023-01-17 09:45:12",Medium,387381.73,Clothing,Clothing
4,31,437.41,"2023-01-17 19:26:10",High,274222.92,NULL,NULL
10,38,920.50,"2023-01-17 11:37:23",High,244762.07,Toys,Toys
4,32,806.10,"2023-01-17 05:55:59",High,274222.92,Electronics,Electronics
2,38,64416000.00,"2023-01-17 01:48:12",High,81117094.41,Toys,Toys
8,32,33.19,"2023-01-17 08:37:18",Low,177360.24,Grocery,Grocery
6,34,233.30,"2023-01-17 11:52:25",High,387381.73,Grocery,Grocery
9,35,588.42,"2023-01-17 17:09:40",High,371201.45,Home,Home
9,35,732.29,"2023-01-17 05:18:33",High,371201.45,Toys,Toys
4,34,458.93,"2023-01-17 10:04:30",High,274222.92,Clothing,Clothing
3,32,448.03,"2023-01-17 07:35:13",High,124238969.54,Electronics,Electronics
1,31,613.25,"2023-01-17 03:29:27",High,314858.79,Clothing,Clothing
3,37,858.98,"2023-01-17 14:44:44",High,124238969.54,Home,Home
3,37,695.60,"2023-01-17 05:50:28",High,124238969.54,NULL,NULL
9,39,673.74,"2023-01-17 08:04:22",High,371201.45,Electronics,Electronics
7,33,135.89,"2023-01-17 22:46:57",Medium,97124599.01,Clothing,Clothing
4,33,169.76,"2023-01-17 08:26:59",Medium,274222.92,Grocery,Grocery
8,32,239.44,"2023-01-17 18:15:16",High,177360.24,Electronics,Electronics
9,37,425.45,"2023-01-17 06:30:32",High,371201.45,Electronics,Electronics
9,35,812.19,"2023-01-18 12:15:22",High,371201.45,Home,Home
1,40,682.57,"2023-01-18 19:54:47",High,314858.79,Electronics,Electronics
2,32,498.27,"2023-01-18 22:50:21",High,81117094.41,Home,Home
7,37,41.58,"2023-01-18 19:48:56",Low,97124599.01,Electronics,Electronics
9,34,48.44,"2023-01-18 21:39:24",Low,371201.45,Clothing,Clothing
10,39,357.71,"2023-01-18 16:04:16",High,244762.07,Home,Home
1,40,367.17,"2023-01-18 14:43:16",High,314858.79,Home,Home
3,36,364.81,"2023-01-18 01:20:30",High,124238969.54,Electronics,Electronics
5,34,117.10,"2023-01-18 05:18:05",Medium,98690034.01,NULL,NULL
8,33,877.16,"2023-01-18 15:06:00",High,177360.24,Electronics,Electronics
2,34,88.18,"2023-01-18 11:07:47",Medium,81117094.41,Electronics,Electronics
7,33,767.55,"2023-01-18 09:13:25",High,97124599.01,Electronics,Electronics
2,40,844.15,"2023-01-18 06:10:15",High,81117094.41,Home,Home
2,32,658.81,"2023-01-18 13:09:20",High,81117094.41,Home,Home
9,39,954.69,"2023-01-18 23:15:15",High,371201.45,Home,Home
9,33,440.19,"2023-01-18 19:41:34",High,371201.45,Clothing,Clothing
4,32,542.87,"2023-01-18 00:18:02",High,274222.92,Electronics,Electronics
2,37,473.24,"2023-01-18 01:29:01",High,81117094.41,Electronics,Electronics
8,39,24334.14,"2023-01-18 01:29:01",High,177360.24,Grocery,NULL
10,37,525.05,"2023-01-18 15:52:53",High,244762.07,Home,Home
7,37,242.64,"2023-01-18 18:33:10",High,97124599.01,Home,Home
9,39,542.41,"2023-01-18 02:12:23",High,371201.45,Toys,Toys
3,40,593.78,"2023-01-18 13:27:03",High,124238969.54,Home,Home
4,34,980.45,"2023-01-18 20:08:29",High,274222.92,Clothing,Clothing
1,38,17.42,"2023-01-18 23:43:53",Low,314858.79,Electronics,Electronics
10,39,653.17,"2023-01-18 12:06:53",High,244762.07,Grocery,Grocery
10,37,28.29,"2023-01-18 20:42:27",Low,244762.07,Grocery,Grocery
4,34,191.14,"2023-01-18 15:16:59",Medium,274222.92,Electronics,Electronics
1,38,463.07,"2023-01-18 13:53:36",High,314858.79,Clothing,Clothing
9,35,208.89,"2023-01-18 05:56:50",High,371201.45,Home,Home
5,35,226.10,"2023-01-18 04:58:47",High,98690034.01,Clothing,Clothing
9,39,359.15,"2023-01-18 05:44:53",High,371201.45,Home,Home
4,33,187.43,"2023-01-18 07:50:07",Medium,274222.92,Electronics,Electronics
1,38,35799.13,"2023-01-18 07:50:07",High,314858.79,Toys,NULL
10,37,461.07,"2023-01-18 00:03:46",High,244762.07,Home,Home
6,40,635.46,"2023-01-18 09:54:59",High,387381.73,NULL,NULL
9,37,407.11,"2023-01-18 08:12:43",High,371201.45,Toys,Toys
6,40,410.87,"2023-01-18 23:54:29",High,387381.73,Electronics,Electronics
8,32,130.18,"2023-01-18 02:16:14",Medium,177360.24,Toys,Toys
9,32,213.81,"2023-01-18 06:25:13",High,371201.45,Grocery,Grocery
3,33,776.18,"2023-01-18 07:22:20",High,124238969.54,NULL,NULL
2,31,117.33,"2023-01-18 08:54:33",Medium,81117094.41,Electronics,Electronics
8,35,660.56,"2023-01-18 17:47:29",High,177360.24,Grocery,Grocery
3,36,761.26,"2023-01-18 02:48:25",High,124238969.54,Clothing,Clothing
5,40,16652.14,"2023-01-18 02:48:25",High,98690034.01,Electronics,NULL
2,40,456.91,"2023-01-18 00:04:14",High,81117094.41,Clothing,Clothing
2,40,635.58,"2023-01-18 13:54:51",High,81117094.41,Home,Home
10,31,469.99,"2023-01-18 11:34:37",High,244762.07,Electronics,Electronics
7,34,361.20,"2023-01-18 07:08:00",High,97124599.01,NULL,NULL
8,32,96.26,"2023-01-18 01:52:23",Medium,177360.24,NULL,NULL
5,38,50.52,"2023-01-18 21:09:46",Medium,98690034.01,NULL,NULL
1,40,440.68,"2023-01-18 13:03:55",High,314858.79,Electronics,Electronics
3,31,24.79,"2023-01-18 20:13:23",Low,124238969.54,Clothing,Clothing
2,36,194.15,"2023-01-18 15:03:46",Medium,81117094.41,Clothing,Clothing
8,33,521.29,"2023-01-18 00:51:32",High,177360.24,Clothing,Clothing
4,33,449.95,"2023-01-18 01:33:27",High,274222.92,Electronics,Electronics
2,32,472.93,"2023-01-18 20:11:27",High,81117094.41,Clothing,Clothing
3,36,510.97,"2023-01-18 06:05:40",High,124238969.54,Home,Home
8,39,59.22,"2023-01-18 02:51:08",Medium,177360.24,NULL,NULL
8,35,537.14,"2023-01-18 00:47:05",High,177360.24,Grocery,Grocery
6,35,30999.09,"2023-01-18 00:47:05",High,387381.73,Electronics,NULL
1,33,12.37,"2023-01-18 16:20:13",Low,314858.79,Electronics,Electronics
6,33,433.98,"2023-01-18 16:32:21",High,387381.73,NULL,NULL
1,39,53.77,"2023-01-18 11:41:49",Medium,314858.79,Electronics,Electronics
1,31,274.59,"2023-01-18 05:53:45",High,314858.79,Toys,Toys
7,40,772.37,"2023-01-18 03:50:11",High,97124599.01,Toys,Toys
4,35,457.12,"2023-01-18 15:03:27",High,274222.92,Clothing,Clothing
9,37,443.28,"2023-01-18 07:44:15",High,371201.45,Toys,Toys
1,34,149.31,"2023-01-18 21:53:40",Medium,314858.79,Home,Home
4,38,814.50,"2023-01-18 15:30:53",High,274222.92,NULL,NULL
2,34,347.36,"2023-01-18 02:46:33",High,81117094.41,Clothing,Clothing
5,38,501.72,"2023-01-18 00:08:54",High,98690034.01,Home,Home
10,38,683.47,"2023-01-18 08:46:40",High,244762.07,NULL,NULL
3,33,455.05,"2023-01-18 14:13:23",High,124238969.54,Electronics,Electronics
5,33,490.01,"2023-01-18 05:04:50",High,98690034.01,Clothing,Clothing
8,32,441.83,"2023-01-19 08:39:44",High,177360.24,Grocery,Grocery
8,35,662.66,"2023-01-19 05:59:44",High,177360.24,Electronics,Electronics
1,32,529.52,"2023-01-19 18:10:13",High,314858.79,Grocery,Grocery
1,39,749.44,"2023-01-19 10:24:41",High,314858.79,Home,Home
3,39,861.47,"2023-01-19 00:44:57",High,124238969.54,Toys,Toys
4,35,953.85,"2023-01-19 01:53:47",High,274222.92,NULL,NULL
1,36,664.95,"2023-01-19 05:14:27",High,314858.79,Clothing,Clothing
8,38,455.32,"2023-01-19 02:04:40",High,177360.24,Grocery,Grocery
6,31,523.43,"2023-01-19 05:52:04",High,387381.73,Grocery,Grocery
4,31,192.98,"2023-01-19 05:09:37",Medium,274222.92,Electronics,Electronics
1,36,708.39,"2023-01-19 03:30:50",High,314858.79,Clothing,Clothing
10,38,631.81,"2023-01-19 02:55:43",High,244762.07,Home,Home
4,33,701.96,"2023-01-19 23:12:31",High,274222.92,Electronics,Electronics
6,39,389.22,"2023-01-19 11:07:45",High,387381.73,Electronics,Electronics
4,32,642.69,"2023-01-19 07:12:59",High,274222.92,Grocery,Grocery
4,31,471.23,"2023-01-19 00:19:35",High,274222.92,Grocery,Grocery
8,39,913.50,"2023-01-19 00:37:26",High,177360.24,Home,Home
4,40,78.82,"2023-01-19 05:16:02",Medium,274222.92,NULL,NULL
4,37,519.02,"2023-01-19 21:48:28",High,274222.92,Clothing,Clothing
9,34,529.33,"2023-01-19 06:29:35",High,371201.45,Grocery,Grocery
9,39,997.97,"2023-01-19 10:48:24",High,371201.45,Toys,Toys
5,36,10320.60,"2023-01-19 10:48:24",High,98690034.01,Grocery,NULL
4,36,625.82,"2023-01-19 11:23:56",High,274222.92,Electronics,Electronics
6,37,334.31,"2023-01-19 02:30:37",High,387381.73,Electronics,Electronics
5,35,11.72,"2023-01-19 05:13:36",Low,98690034.01,Electronics,Electronics
5,39,18.95,"2023-01-19 06:06:32",Low,98690034.01,Clothing,Clothing
1,35,298.05,"2023-01-19 05:14:14",High,314858.79,Toys,Toys
5,32,305.51,"2023-01-19 05:58:47",High,98690034.01,Grocery,Grocery
2,40,451.54,"2023-01-19 19:02:40",High,81117094.41,Grocery,Grocery
